{"option": {"sample": "uniform", "aggregate": "other", "num_rounds": 5, "proportion": 0.2, "learning_rate_decay": 0.998, "lr_scheduler": -1, "early_stop": -1, "num_epochs": 1, "num_steps": -1, "learning_rate": 0.001, "batch_size": 1.0, "optimizer": "SGD", "clip_grad": 0.0, "momentum": 0.0, "weight_decay": 0.0, "num_edge_rounds": 5, "algo_para": [], "train_holdout": 0.1, "test_holdout": 0.0, "local_test": false, "seed": 0, "dataseed": 0, "gpu": [0], "server_with_cpu": false, "num_parallels": 1, "parallel_type": "t", "num_workers": 0, "pin_memory": false, "no_drop_last": false, "test_batch_size": 1, "availability": "IDL", "connectivity": "IDL", "completeness": "IDL", "responsiveness": "IDL", "log_level": "INFO", "log_file": true, "no_log_console": false, "no_overwrite": false, "eval_interval": 1, "save_checkpoint": "", "load_checkpoint": "", "use_amp": true, "task": "./Ultrasound_4C", "algorithm": "fedavg", "scene": "horizontal", "simulator": "Simulator", "model": "FasterRCNN"}, "client_datavol": [511, 736, 561], "time": [0, 1, 2, 3, 4, 5], "test_all_loss": [3.0562224802043705, 1.3347182293526, 1.5367009841526549, 1.4105140333995223, 1.3836663426417444, 1.2641493291076686], "test_mAP@.5": [5.875700127753274e-09, 0.0540976344467555, 0.10447813762829733, 0.25365305221419593, 0.30376519354531084, 0.4087437375431573], "test_mAP@.75": [0.0, 0.0008269517200684798, 0.0037249194755602077, 0.013988881437980145, 0.019179752353508432, 0.03816999622876358], "test_mAP@.5:.95": [5.875700127753273e-10, 0.012593834192207568, 0.02743536494947571, 0.07356110790941617, 0.08758609598695788, 0.1327690801350136], "val_all_loss_dist": [1.1560663729906082, 1.3618431606410462, 1.2540801263624621], "val_all_loss": [3.0572787019232797, 1.3537959669764326, 1.5424871552599293, 1.4309697638098329, 1.3915580148380935, 1.2702463682076062], "mean_val_all_loss": [3.0562804056506825, 1.3625336498303537, 1.5514660974696852, 1.4337040126395477, 1.3839181701072112, 1.2573298866647056], "std_val_all_loss": [0.008510400593817056, 0.09687889439389173, 0.06674250609812724, 0.01962456397141895, 0.04890600834420121, 0.08403944427251561], "val_mAP@.5_dist": [0.6644519769903144, 0.26424322197797756, 0.34730636217193367], "val_mAP@.5": [0.0, 0.05350636716953971, 0.11568175020192546, 0.28276023636249076, 0.31005152269507347, 0.4031287836262704], "mean_val_mAP@.5": [0.0, 0.0578911302147166, 0.12020743828911702, 0.28753496736606665, 0.32418286937475616, 0.4253338537134086], "std_val_mAP@.5": [0.0, 0.03568919860592083, 0.03279393469572488, 0.048475151867714714, 0.10576257923817052, 0.17244898564372088], "val_mAP@.75_dist": [0.10039517178007547, 0.03105848887544595, 0.039854496216924586], "val_mAP@.75": [0.0, 0.0023309352159675972, 0.006719691223475594, 0.024222310058727936, 0.021177557371333793, 0.053384597881438865], "mean_val_mAP@.75": [0.0, 0.002665265525968926, 0.007168665438860598, 0.02474245049636675, 0.022021109802175625, 0.057102718957482], "std_val_mAP@.75": [0.0, 0.0027270645573570793, 0.0038523556059549113, 0.0057784745383613065, 0.008480588552660307, 0.0308222840364478], "val_mAP@.5:.95_dist": [0.25444979634196735, 0.08247728230033613, 0.11364499864595072], "val_mAP@.5:.95": [0.0, 0.01361497382729748, 0.03199937355533872, 0.08622334361482623, 0.09380257140389597, 0.1407533019602716], "mean_val_mAP@.5:.95": [0.0, 0.014825703903443947, 0.03322497762156797, 0.08759876038158071, 0.09851563020708047, 0.15019069242941807], "std_val_mAP@.5:.95": [0.0, 0.010116678413386315, 0.009712265299984861, 0.015906278983462065, 0.0360126851559029, 0.07481233052127163]}